,cell id,x,y,value,lat,long,xrow,ycol
441040,"(593, 441)",476294.10869513,4340012.3310783,2087.006103515625,39.20905979673475,-105.2745752062009,593,441
438394,"(590, 24)",463784.10869513,4340102.3310783,3056.0,39.209439155728376,-105.4194751466472,590,24
325454,"(438, 20)",463664.10869513,4344662.3310783,3142.0,39.25052307880409,-105.42111051963231,438,20
501575,"(675, 50)",464564.10869513,4337552.3310783,3053.0,39.186493813525914,-105.41030724354405,675,50
424654,"(571, 401)",475094.10869513,4340672.3310783,2132.0,39.2149733932367,-105.28849847703351,571,401
481797,"(648, 333)",473054.10869513,4338362.3310783,2392.0,39.19409734918271,-105.31203650992448,648,333
467644,"(629, 297)",471974.10869513,4338932.3310783,2401.0,39.19919938436441,-105.32456648796834,629,297
506841,"(682, 115)",466514.10869513,4337342.3310783,2622.0,39.18467886012143,-105.38771855381859,682,115
418375,"(563, 66)",465044.10869513,4340912.3310783,2724.0,39.21678951756821,-105.4049232904174,563,66
550683,"(741, 120)",466664.10869513,4335572.3310783,2556.0,39.16873541858561,-105.38589461524896,741,120
